id,tokens,Content Words,Informative words,Uninformative words,Number of Different Content Words (NDW),ttr,mattr(10),hdd,mtld,wim,Lexical Informativeness (%)
cookie_theft-en.txt,56,25,56,0,25,0.14965986394557823,0.805072463768116,,13.607540983606558,4.643856189774724,100.0
flowerpot-en.txt,58,25,55,3,23,0.13664596273291926,0.8217105263157898,,14.814354465615935,4.483856189774723,94.82758620689656
nest_story-en.txt,82,31,65,17,23,0.12571428571428572,0.8066265060240971,,14.681659569434586,4.389364858634394,79.26829268292683
picnic-en.txt,44,18,42,2,17,0.22,0.7758241758241756,,13.624338624338623,4.058813890331202,95.45454545454545
quarrel-en.txt,133,44,111,22,39,0.08984375,0.7793522267206489,0.39478737704776895,13.193604854708834,5.215002357224495,83.45864661654136
Story 1_Nest-en.txt,16,6,11,5,5,0.4444444444444444,0.7666666666666667,,13.334016393442624,2.251629167387823,68.75
