id,tokens,NDW,ttr,mattr,mattr5perc,hdd,mtld,wim
test,76,43,0.05515587529976019,0.6320926385442475,0.9534136546184746,0.3601716973529197,11.914285714285715,5.000638203976858
test,84,46,0.06218905472636816,0.6740549828178667,0.9636591478696742,0.3818405338259216,13.398481883535542,4.988893953144569
