id,tokens,NDW,ttr,mattr,mattr5perc,hdd,mtld,wim
test,76,43,0.05515587529976019,0.6320926385442475,0.9534136546184746,0.36017169735291965,11.914285714285715,5.000638203976858
test,87,48,0.06310679611650485,0.6753768844221086,0.9614914425427873,0.3826047507014908,13.616526109958134,5.064925433213417
