id,tokens,Content Words,Informative words,Uninformative words,Number of Different Content Words (NDW),ttr,mattr(10),hdd,mtld,wim,Lexical Informativeness (%)
picnic-it.txt,48,20,45,3,18,0.14285714285714285,0.7629032258064516,,12.411266511266511,4.0841837197791895,93.75
nest_story-it.txt,86,30,71,15,23,0.09859154929577464,0.7745098039215682,,13.073753586800574,4.415061012203069,82.55813953488372
cookie_theft-it.txt,61,28,59,2,27,0.10091743119266056,0.7612440191387561,,12.250413471658398,4.735926350629033,96.72131147540983
quarrel-it.txt,152,49,128,24,39,0.05181347150259067,0.7485411140583564,0.3390729784732678,12.067399471974005,5.175734844026905,84.21052631578947
flowerpot-it.txt,61,25,60,1,23,0.11049723756906077,0.7872093023255816,,12.541024323398425,4.483856189774723,98.36065573770492
