id,tokens,Content Words,Informative words,Uninformative words,Number of Different Content Words (NDW),ttr,mattr(10),hdd,mtld,wim,Lexical Informativeness (%)
cookie_theft-it.txt,53,26,53,0,25,0.11518324607329843,0.7565934065934066,,12.151408959537573,4.623516641218016,100.0
flowerpot-it.txt,61,25,58,3,23,0.10752688172043011,0.7887005649717519,,12.61654558897743,4.483856189774723,95.08196721311475
nest_story-it.txt,84,31,66,18,24,0.0963302752293578,0.7732057416267938,,13.264931289640593,4.47823219741386,78.57142857142857
picnic-it.txt,47,19,44,3,17,0.152,0.7594827586206898,,12.5,3.9976702764876135,93.61702127659575
quarrel-it.txt,132,42,114,18,36,0.054380664652567974,0.750621118012423,0.3376920336740397,12.170475516072273,5.088629625108201,86.36363636363636
Story 1_Nest-it.txt,16,7,11,5,6,0.26785714285714285,0.721276595744681,,10.123076923076923,2.521640636343319,68.75
