id,tokens,NDW,ttr,mattr,mattr5perc,hdd,mtld,wim
picnic-it.txt,19,17,0.152,0.6318318318318318,1.0,0.33623413470158364,12.5,3.9976702764876135
nest,28,22,0.10309278350515463,0.65962962962963,1.0,0.35560925142490646,12.63939393939394,4.351823225551766
cookie,27,26,0.10679611650485436,0.6430555555555555,1.0,0.3595842786107775,12.265423242467719,4.680813428089395
quarrel-it.txt,48,39,0.052770448548812667,0.6337899543378968,0.9854497354497355,0.3401198983289765,12.153671412794408,5.178508854797679
flowerpot-it.txt,25,23,0.11049723756906077,0.6574850299401198,1.0,0.35338267526269723,12.541024323398425,4.483856189774723
