id,tokens,Content Words,Number of Different Content Words (NDW),ttr,mattr(10),mattr5perc,hdd,mtld,wim
picnic-it.txt,48,20,18,0.14285714285714285,0.7629032258064516,,0.3345246001531492,12.411266511266511,4.0841837197791895
nest_story-it.txt,86,30,23,0.09859154929577464,0.7745098039215682,,0.3564494615593124,13.073753586800574,4.415061012203069
cookie_theft-it.txt,61,28,27,0.10091743119266056,0.7612440191387561,,0.3577736172823843,12.250413471658398,4.735926350629033
quarrel-it.txt,152,49,39,0.05181347150259067,0.7485411140583564,,0.3390729784732678,12.067399471974005,5.175734844026905
flowerpot-it.txt,61,25,23,0.11049723756906077,0.7872093023255816,,0.3533826752626971,12.541024323398425,4.483856189774723
